generation,stage,candidate_idx,risk_aversion,herd_behavior,profit_driven,ticker,company,id,quarter,date,permno,holding_t,y_true,pred,abs_error,reward,valid,best_k,profile_strength_mode,x_risk_mean,x_herd_mean,x_profit_mean,overall_mean,raw_output,reason,answer_body
46,llm_candidates,0,0.532999467000533,0.21999978000022002,0.246999753000247,CF,C F INDUSTRIES HOLDINGS INC,174,NA,2016-04-01 00:00:00,90829,2087.190109,0.14739042922652415,-0.04,0.18739042922652416,-0.18739042922652416,True,1,type_mean,0.0082565895035254,0.0069532062192367,0.2194993243101532,0.0782363733443051,"
<think>Given the firm's moderate profitability (profit=0.298) and positive asset growth (Gat=0.116), alongside a high beta (1.499) indicating above-market volatility, the stock presents mixed signals for active allocation. The fund's current holding is relatively small compared to its AUM, and the stock's low S&P 500 weight suggests limited benchmark-driven demand. Considering the high beta and the fund's medium turnover constraint, a modest increase in holding might be expected to align with the firm's growth while managing risk exposure.</think>
<answer>
{""holding_log_delta"": -0.04}
</answer>","Given the firm's moderate profitability (profit=0.298) and positive asset growth (Gat=0.116), alongside a high beta (1.499) indicating above-market volatility, the stock presents mixed signals for active allocation. The fund's current holding is relatively small compared to its AUM, and the stock's low S&P 500 weight suggests limited benchmark-driven demand. Considering the high beta and the fund's medium turnover constraint, a modest increase in holding might be expected to align with the firm's growth while managing risk exposure.","{""holding_log_delta"": -0.04}"
46,llm_candidates,1,0.5429994570005431,0.20999979000021002,0.246999753000247,CF,C F INDUSTRIES HOLDINGS INC,174,NA,2016-04-01 00:00:00,90829,2087.190109,0.14739042922652415,-0.04,0.18739042922652416,-0.18739042922652416,True,1,type_mean,0.0082565895035254,0.0069532062192367,0.2194993243101532,0.0782363733443051,"
<think>Given the firm's moderate profitability (profit=0.298) and positive asset growth (Gat=0.116), alongside a high beta (1.499) indicating above-market volatility, the stock presents mixed signals for active allocation. The fund's current holding is relatively small compared to its AUM, and the stock's low S&P 500 weight suggests limited benchmark-driven demand. Considering the high beta and the fund's medium turnover constraint, a modest increase in holding might be expected to align with the firm's growth while managing risk exposure.</think>
<answer>
{""holding_log_delta"": -0.04}
</answer>","Given the firm's moderate profitability (profit=0.298) and positive asset growth (Gat=0.116), alongside a high beta (1.499) indicating above-market volatility, the stock presents mixed signals for active allocation. The fund's current holding is relatively small compared to its AUM, and the stock's low S&P 500 weight suggests limited benchmark-driven demand. Considering the high beta and the fund's medium turnover constraint, a modest increase in holding might be expected to align with the firm's growth while managing risk exposure.","{""holding_log_delta"": -0.04}"
46,llm_candidates,2,0.5229994770005231,0.22999977000023003,0.246999753000247,CF,C F INDUSTRIES HOLDINGS INC,174,NA,2016-04-01 00:00:00,90829,2087.190109,0.14739042922652415,-0.04,0.18739042922652416,-0.18739042922652416,True,1,type_mean,0.0082565895035254,0.0069532062192367,0.2194993243101532,0.0782363733443051,"
<think>Given the firm's moderate profitability (profit=0.298) and positive asset growth (Gat=0.116), alongside a high beta (1.499) indicating above-market volatility, the stock presents mixed signals for active allocation. The fund's current holding is relatively small compared to its AUM, and the stock's low S&P 500 weight suggests limited benchmark-driven demand. Considering the high beta and the fund's low turnover constraint, a modest increase in holding might be expected to align with the stock's market importance, but the elevated risk profile could temper the magnitude.</think>
<answer>
{""holding_log_delta"": -0.04}
</answer>","Given the firm's moderate profitability (profit=0.298) and positive asset growth (Gat=0.116), alongside a high beta (1.499) indicating above-market volatility, the stock presents mixed signals for active allocation. The fund's current holding is relatively small compared to its AUM, and the stock's low S&P 500 weight suggests limited benchmark-driven demand. Considering the high beta and the fund's low turnover constraint, a modest increase in holding might be expected to align with the stock's market importance, but the elevated risk profile could temper the magnitude.","{""holding_log_delta"": -0.04}"
46,llm_candidates,3,0.5529994470005531,0.19999980000020004,0.246999753000247,CF,C F INDUSTRIES HOLDINGS INC,174,NA,2016-04-01 00:00:00,90829,2087.190109,0.14739042922652415,-0.01,0.15739042922652416,-0.15739042922652416,True,1,type_mean,0.0082565895035254,0.0069532062192367,0.2194993243101532,0.0782363733443051,"
<think>Given the firm's moderate profitability (profit=0.298) and positive asset growth (Gat=0.116), alongside a high beta (1.499) indicating above-market volatility, the stock presents mixed signals for active allocation. The fund's current holding is relatively small compared to its AUM, and the stock's low S&P 500 weight suggests limited benchmark-driven demand. Considering the high beta and the fund's low turnover constraint, a modest increase in holding might be expected to align with the stock's market importance, but the elevated risk profile could temper the magnitude.</think>
<answer>
{""holding_log_delta"": -0.01}
</answer>","Given the firm's moderate profitability (profit=0.298) and positive asset growth (Gat=0.116), alongside a high beta (1.499) indicating above-market volatility, the stock presents mixed signals for active allocation. The fund's current holding is relatively small compared to its AUM, and the stock's low S&P 500 weight suggests limited benchmark-driven demand. Considering the high beta and the fund's low turnover constraint, a modest increase in holding might be expected to align with the stock's market importance, but the elevated risk profile could temper the magnitude.","{""holding_log_delta"": -0.01}"
46,llm_candidates,4,0.532999467000533,0.23999976000024,0.22699977300022703,CF,C F INDUSTRIES HOLDINGS INC,174,NA,2016-04-01 00:00:00,90829,2087.190109,0.14739042922652415,-0.04,0.18739042922652416,-0.18739042922652416,True,1,type_mean,0.0082565895035254,0.0069532062192367,0.2194993243101532,0.0782363733443051,"
<think>Given the firm's moderate profitability (profit=0.298) and positive asset growth (Gat=0.116), alongside a high beta (1.499) indicating above-market volatility, the stock presents mixed signals for active allocation. The fund's current holding is relatively small compared to its AUM, and the stock's low S&P 500 weight suggests limited benchmark-driven demand. Considering the high beta and the fund's medium turnover constraint, a modest increase in holding might be expected to align with the firm's growth while managing risk exposure.</think>
<answer>
{""holding_log_delta"": -0.04}
</answer>","Given the firm's moderate profitability (profit=0.298) and positive asset growth (Gat=0.116), alongside a high beta (1.499) indicating above-market volatility, the stock presents mixed signals for active allocation. The fund's current holding is relatively small compared to its AUM, and the stock's low S&P 500 weight suggests limited benchmark-driven demand. Considering the high beta and the fund's medium turnover constraint, a modest increase in holding might be expected to align with the firm's growth while managing risk exposure.","{""holding_log_delta"": -0.04}"
46,llm_candidates,5,0.5429994570005431,0.21999978000022002,0.236999763000237,CF,C F INDUSTRIES HOLDINGS INC,174,NA,2016-04-01 00:00:00,90829,2087.190109,0.14739042922652415,-0.04,0.18739042922652416,-0.18739042922652416,True,1,type_mean,0.0082565895035254,0.0069532062192367,0.2194993243101532,0.0782363733443051,"
<think>Given the firm's moderate profitability (profit=0.298) and positive asset growth (Gat=0.116), alongside a high beta (1.499) indicating above-market volatility, the stock presents mixed signals for active allocation. The fund's current holding is relatively small compared to its AUM, and the stock's low S&P 500 weight suggests limited benchmark-driven demand. Considering the high beta and the fund's low turnover constraint, a modest increase in holding might be expected to align with the stock's market importance, but the elevated risk profile could temper the magnitude.</think>
<answer>
{""holding_log_delta"": -0.04}
</answer>","Given the firm's moderate profitability (profit=0.298) and positive asset growth (Gat=0.116), alongside a high beta (1.499) indicating above-market volatility, the stock presents mixed signals for active allocation. The fund's current holding is relatively small compared to its AUM, and the stock's low S&P 500 weight suggests limited benchmark-driven demand. Considering the high beta and the fund's low turnover constraint, a modest increase in holding might be expected to align with the stock's market importance, but the elevated risk profile could temper the magnitude.","{""holding_log_delta"": -0.04}"
